flow_id,company_id,empresa,segmento,ruta_logistica,origen,destino,origin_lat,origin_lon,dest_lat,dest_lon,distance_km,transport_time_hrs,congestion_base,climate_variability_base,sensitivity_temperature,incidences_proxy
1,60,Atlas Express 060,porcino,Tijuana - San Diego,"Tijuana, Baja California","San Diego, California",32.5149,-117.0382,32.7157,-117.1611,433.7306260892222,10.891053807808728,0.5958861179235202,0.1,0.7648813573075869,0.2915779682588379
2,33,LogiMeat Global 033,bovino,Nuevo Laredo - Texas,"Nuevo Laredo, Tamaulipas","Laredo, Texas",27.4864,-99.5075,27.5306,-99.4803,741.8950395769275,14.717687914637438,0.747744521232837,0.7091025321246278,0.8376851251207226,0.13593663141006349
3,17,Carnes Solutions 017,bovino,Tijuana - San Diego,"Tijuana, Baja California","San Diego, California",32.5149,-117.0382,32.7157,-117.1611,325.2391340366446,6.6727782524312325,0.735908044486895,0.6450066892048438,0.8563205392502692,0.38991862903852487
4,12,Atlas Global 012,porcino,Tijuana - San Diego,"Tijuana, Baja California","San Diego, California",32.5149,-117.0382,32.7157,-117.1611,576.9541073551013,12.0181757159305,0.5859891234273283,0.5741982265195589,0.8063452007357746,0.284411485575835
5,67,Frio MX 067,bovino,Nogales - Arizona,"Nogales, Sonora","Nogales, Arizona",31.3086,-110.9458,31.3404,-110.9343,243.95267391966212,6.723136029964721,0.5875782089858134,0.4214023413742261,0.9193750360756912,0.4605496512160783
6,12,Atlas Global 012,porcino,Tijuana - San Diego,"Tijuana, Baja California","San Diego, California",32.5149,-117.0382,32.7157,-117.1611,278.51637699120835,6.214967375080759,0.7160105589949048,0.2741989211107776,0.8238464814683187,0.25780641891604705
7,45,Atlas Group 045,bovino,Reynosa - Pharr,"Reynosa, Tamaulipas","Pharr, Texas",26.0922,-98.2779,26.1948,-98.1836,688.7654370203641,13.417882876262656,0.668080852439612,0.26751597759283086,0.8180641742852752,0.23946316671241027
8,61,Delta Chain 061,porcino,Nogales - Arizona,"Nogales, Sonora","Nogales, Arizona",31.3086,-110.9458,31.3404,-110.9343,180.0,4.999125023601406,0.6654588713486087,0.4608050359848867,0.8165256883334664,0.3696668342447232
9,41,Norte Group 041,porcino,Reynosa - Pharr,"Reynosa, Tamaulipas","Pharr, Texas",26.0922,-98.2779,26.1948,-98.1836,833.1815690514019,13.809126747113355,0.7161925587259064,0.6713923572080264,0.7445337944885337,0.364202793524079
10,15,LogiMeat Pack 015,bovino,Tijuana - San Diego,"Tijuana, Baja California","San Diego, California",32.5149,-117.0382,32.7157,-117.1611,516.1624400390134,10.702093840644068,0.5022989261734556,0.4851601339048044,0.9088258213979726,0.35244118871380714
11,9,LogiMeat Pack 009,bovino,Nuevo Laredo - Texas,"Nuevo Laredo, Tamaulipas","Laredo, Texas",27.4864,-99.5075,27.5306,-99.4803,934.5054477918145,18.911934413945705,0.8033309992893076,0.29121958770323864,0.8508486480528584,0.30499891636165066
12,76,Atlas Express 076,bovino,Reynosa - Pharr,"Reynosa, Tamaulipas","Pharr, Texas",26.0922,-98.2779,26.1948,-98.1836,798.2075572648074,16.35990001081725,0.7171114584309874,0.4517139083340989,0.8106649989625808,0.4794752708524387
13,55,Atlas Prime 055,bovino,Ciudad Juarez - El Paso,"Ciudad Juarez, Chihuahua","El Paso, Texas",31.6904,-106.4245,31.7619,-106.485,949.4887790311477,17.603785994666346,0.5688070512138856,0.14947165619002295,0.8932469900794455,0.5125105233820569
14,38,ColdTrade Prime 038,bovino,Nogales - Arizona,"Nogales, Sonora","Nogales, Arizona",31.3086,-110.9458,31.3404,-110.9343,205.79664130469672,4.0,0.5595672945415294,0.20980830943217196,0.9385730410916316,0.22470364519694913
15,49,Ganadera Link 049,bovino,Ciudad Juarez - El Paso,"Ciudad Juarez, Chihuahua","El Paso, Texas",31.6904,-106.4245,31.7619,-106.485,612.851070449687,9.063263298751476,0.651344719454495,0.4581530378085574,0.8765764507597132,0.2633868759633997
16,70,Frio Solutions 070,bovino,Nogales - Arizona,"Nogales, Sonora","Nogales, Arizona",31.3086,-110.9458,31.3404,-110.9343,418.4119776838268,9.011974401587983,0.5038349727551688,0.5295097058402201,0.8682944859235209,0.2354392084556141
17,60,Atlas Express 060,porcino,Tijuana - San Diego,"Tijuana, Baja California","San Diego, California",32.5149,-117.0382,32.7157,-117.1611,466.90505301589013,9.20449669147363,0.4006245666051259,0.43236867490078046,0.7563755296665257,0.41954228504288876
18,29,Proteina Foods 029,bovino,Ciudad Juarez - El Paso,"Ciudad Juarez, Chihuahua","El Paso, Texas",31.6904,-106.4245,31.7619,-106.485,529.9745492136526,9.755748455619866,0.6278011073747667,0.562415084959161,0.7710688761534308,0.285813912034091
19,92,Export Group 092,porcino,Ciudad Juarez - El Paso,"Ciudad Juarez, Chihuahua","El Paso, Texas",31.6904,-106.4245,31.7619,-106.485,733.7775858746475,15.910999343934137,0.5565039683021138,0.4638189987651164,0.8596611679360615,0.21951221314070457
20,65,Frio MX 065,porcino,Ciudad Juarez - El Paso,"Ciudad Juarez, Chihuahua","El Paso, Texas",31.6904,-106.4245,31.7619,-106.485,707.7784980733014,14.747738078180138,0.6453544721433927,0.7081154746748975,0.7267119687759809,0.1541382181547552
21,15,LogiMeat Pack 015,bovino,Tijuana - San Diego,"Tijuana, Baja California","San Diego, California",32.5149,-117.0382,32.7157,-117.1611,408.2022014381046,6.15779141671036,0.53194897854638,0.5892445487352727,0.8884818253077921,0.2473999144629523
22,86,Atlas Pack 086,porcino,Ciudad Juarez - El Paso,"Ciudad Juarez, Chihuahua","El Paso, Texas",31.6904,-106.4245,31.7619,-106.485,722.9680093157235,14.392226280824527,0.5791492464222059,0.5042882780893265,0.805673426441695,0.4784793986633801
23,86,Atlas Pack 086,porcino,Reynosa - Pharr,"Reynosa, Tamaulipas","Pharr, Texas",26.0922,-98.2779,26.1948,-98.1836,750.1660645112471,15.882867841937609,0.6713898304641666,0.5075065669773706,0.844033344994319,0.30426349637559863
24,12,Atlas Global 012,porcino,Reynosa - Pharr,"Reynosa, Tamaulipas","Pharr, Texas",26.0922,-98.2779,26.1948,-98.1836,786.24430216195,15.26418401548375,0.669976333535643,0.6114360236199579,0.9046188317432252,0.21852067606791836
25,21,Export Solutions 021,porcino,Tijuana - San Diego,"Tijuana, Baja California","San Diego, California",32.5149,-117.0382,32.7157,-117.1611,344.9968074645535,5.381783077052711,0.5387192243554599,0.13905248460130626,0.7988344926874532,0.18591390644124708
26,38,ColdTrade Prime 038,bovino,Reynosa - Pharr,"Reynosa, Tamaulipas","Pharr, Texas",26.0922,-98.2779,26.1948,-98.1836,879.5394032916569,15.413754019301694,0.6144072545763914,0.5021562678676436,0.976233869745771,0.271150611637961
27,4,Delta Link 004,bovino,Tijuana - San Diego,"Tijuana, Baja California","San Diego, California",32.5149,-117.0382,32.7157,-117.1611,389.4667364504386,9.59795072445878,0.8137906353936248,0.27870926607863944,0.8971502670185236,0.3207606874834722
28,61,Delta Chain 061,porcino,Reynosa - Pharr,"Reynosa, Tamaulipas","Pharr, Texas",26.0922,-98.2779,26.1948,-98.1836,832.2699385796817,15.775663546939185,0.6787271223061798,0.42443886282536936,0.7854912106903925,0.22646211239294967
29,65,Frio MX 065,porcino,Reynosa - Pharr,"Reynosa, Tamaulipas","Pharr, Texas",26.0922,-98.2779,26.1948,-98.1836,877.6758304001319,17.10883273285895,0.6122194250008228,0.40706268996664624,0.8199351141788058,0.37447586951704354
30,95,Delta Prime 095,bovino,Nuevo Laredo - Texas,"Nuevo Laredo, Tamaulipas","Laredo, Texas",27.4864,-99.5075,27.5306,-99.4803,869.7953368693219,13.908415731671939,0.7505666483774518,0.22574087546591926,0.7501156349470925,0.4836634675776691
31,48,LogiMeat Link 048,porcino,Tijuana - San Diego,"Tijuana, Baja California","San Diego, California",32.5149,-117.0382,32.7157,-117.1611,371.0854042860629,11.044563727750294,0.6218572188550275,0.5152326407195471,0.602128269729501,0.25285132567406127
32,81,Carnes Chain 081,porcino,Nogales - Arizona,"Nogales, Sonora","Nogales, Arizona",31.3086,-110.9458,31.3404,-110.9343,358.95297257141647,7.576913507312232,0.5801493416297198,0.5686209182535121,0.7621605982381419,0.3613574271483263
33,5,ColdTrade Solutions 005,bovino,Nogales - Arizona,"Nogales, Sonora","Nogales, Arizona",31.3086,-110.9458,31.3404,-110.9343,262.68654323137287,4.875073979146466,0.6463439252859902,0.6503676504480349,0.9577362168574395,0.2970387215965928
34,59,Norte MX 059,bovino,Ciudad Juarez - El Paso,"Ciudad Juarez, Chihuahua","El Paso, Texas",31.6904,-106.4245,31.7619,-106.485,751.8337235124907,14.798347875707274,0.5252990113667537,0.6847077032504857,0.9473027345762427,0.27658754270669944
35,38,ColdTrade Prime 038,bovino,Nuevo Laredo - Texas,"Nuevo Laredo, Tamaulipas","Laredo, Texas",27.4864,-99.5075,27.5306,-99.4803,759.0816835037538,15.416327406269799,0.4545165725589576,0.3691843023573385,0.8871400370385883,0.45773751928802764
36,96,Atlas Link 096,bovino,Nogales - Arizona,"Nogales, Sonora","Nogales, Arizona",31.3086,-110.9458,31.3404,-110.9343,275.6393480272443,6.574368223635494,0.5056733615757946,0.42311600618253675,0.7588119109259539,0.2895946917262382
37,13,Export MX 013,porcino,Tijuana - San Diego,"Tijuana, Baja California","San Diego, California",32.5149,-117.0382,32.7157,-117.1611,483.6164676809146,10.699680721516899,0.6066776200727794,0.5077556906484152,0.7194878374834136,0.3867840131301516
38,38,ColdTrade Prime 038,bovino,Tijuana - San Diego,"Tijuana, Baja California","San Diego, California",32.5149,-117.0382,32.7157,-117.1611,392.3625103498881,7.285285013636928,0.5000082418092173,0.2951605994133245,0.8547743497368494,0.17066338548787097
39,46,Carnes Foods 046,bovino,Nogales - Arizona,"Nogales, Sonora","Nogales, Arizona",31.3086,-110.9458,31.3404,-110.9343,354.60278526969455,6.618645264680934,0.5056316523320185,0.5850276846029945,0.8800577077098628,0.4087295206761137
40,14,Ganadera Solutions 014,porcino,Ciudad Juarez - El Paso,"Ciudad Juarez, Chihuahua","El Paso, Texas",31.6904,-106.4245,31.7619,-106.485,756.9176228737495,12.66773840541129,0.5290274692161021,0.4398029616023393,0.812905675249788,0.35144429744892575
41,25,Atlas Chain 025,bovino,Tijuana - San Diego,"Tijuana, Baja California","San Diego, California",32.5149,-117.0382,32.7157,-117.1611,540.2567490010954,12.437106515078906,0.36310702307801124,0.4121223998545553,0.7727106508845326,0.36361452054068877
42,69,Atlas Foods 069,bovino,Ciudad Juarez - El Paso,"Ciudad Juarez, Chihuahua","El Paso, Texas",31.6904,-106.4245,31.7619,-106.485,643.5080280715827,13.52368142865404,0.5346282936323327,0.7495944796121992,0.8423732647908722,0.17880623366848378
43,39,Ganadera MX 039,bovino,Tijuana - San Diego,"Tijuana, Baja California","San Diego, California",32.5149,-117.0382,32.7157,-117.1611,442.41325100762475,11.495503178602295,0.5418754054185245,0.20223612777310992,0.7866575412476058,0.16627169517850016
44,23,Frio Group 023,bovino,Ciudad Juarez - El Paso,"Ciudad Juarez, Chihuahua","El Paso, Texas",31.6904,-106.4245,31.7619,-106.485,761.7493747838754,12.32615923253205,0.7247002495247115,0.5273115604351216,0.9087560772652187,0.2506953335173219
45,44,Norte Group 044,bovino,Nuevo Laredo - Texas,"Nuevo Laredo, Tamaulipas","Laredo, Texas",27.4864,-99.5075,27.5306,-99.4803,948.7018449724078,18.848732788631253,0.7184230995935427,0.5172149045904305,0.8218030830138658,0.11772832191382301
46,78,ColdTrade Link 078,bovino,Nuevo Laredo - Texas,"Nuevo Laredo, Tamaulipas","Laredo, Texas",27.4864,-99.5075,27.5306,-99.4803,771.8639008140846,15.388217081703992,0.734243812283416,0.32901016435389413,0.8741165666952958,0.1660838419687374
47,8,ColdTrade Global 008,porcino,Nogales - Arizona,"Nogales, Sonora","Nogales, Arizona",31.3086,-110.9458,31.3404,-110.9343,310.3412820587232,6.892451735795373,0.5624022664059937,0.4903370171517901,0.8670707309412639,0.24564008790456637
48,86,Atlas Pack 086,bovino,Tijuana - San Diego,"Tijuana, Baja California","San Diego, California",32.5149,-117.0382,32.7157,-117.1611,542.6378375823007,9.503062917635571,0.8094395157346302,0.1,0.8353017006670275,0.5133124394014273
49,86,Atlas Pack 086,porcino,Nuevo Laredo - Texas,"Nuevo Laredo, Tamaulipas","Laredo, Texas",27.4864,-99.5075,27.5306,-99.4803,874.2399345143398,16.32620132588382,0.7172056637757478,0.2829917937117228,0.7613709614282435,0.38954733709717726
50,55,Atlas Prime 055,bovino,Reynosa - Pharr,"Reynosa, Tamaulipas","Pharr, Texas",26.0922,-98.2779,26.1948,-98.1836,964.7416483751301,18.357025128291113,0.6953731090271705,0.3994012256897241,0.9019518039016933,0.30295961427109747
51,76,Atlas Express 076,bovino,Nogales - Arizona,"Nogales, Sonora","Nogales, Arizona",31.3086,-110.9458,31.3404,-110.9343,194.23955550435036,5.062665767393775,0.5043244539575538,0.3914304075805785,0.7837530747311249,0.5417390015547254
52,91,ColdTrade Foods 091,bovino,Nogales - Arizona,"Nogales, Sonora","Nogales, Arizona",31.3086,-110.9458,31.3404,-110.9343,402.8533250122513,8.860967325898446,0.629126695314844,0.3196429128202827,0.7937755581330795,0.34128753375643284
53,58,LogiMeat Group 058,bovino,Reynosa - Pharr,"Reynosa, Tamaulipas","Pharr, Texas",26.0922,-98.2779,26.1948,-98.1836,778.4193456170299,13.74787317706335,0.48649130055860346,0.39864885920041765,0.7584822410498142,0.3102094676377855
54,37,Frio Foods 037,bovino,Reynosa - Pharr,"Reynosa, Tamaulipas","Pharr, Texas",26.0922,-98.2779,26.1948,-98.1836,732.9553173447288,10.802992999507897,0.5757512658367164,0.5677266054912202,0.8889240101315316,0.3526843706329088
55,2,Frio Solutions 002,bovino,Nuevo Laredo - Texas,"Nuevo Laredo, Tamaulipas","Laredo, Texas",27.4864,-99.5075,27.5306,-99.4803,931.4415560304386,20.656720140427893,0.6549764862902292,0.5130282898087406,0.9101484737788602,0.3665243769514418
56,81,Carnes Chain 081,porcino,Reynosa - Pharr,"Reynosa, Tamaulipas","Pharr, Texas",26.0922,-98.2779,26.1948,-98.1836,733.0809373226443,13.573296790735682,0.7748536996267059,0.378134524363203,0.8551035005139117,0.4148962065414787
57,13,Export MX 013,porcino,Reynosa - Pharr,"Reynosa, Tamaulipas","Pharr, Texas",26.0922,-98.2779,26.1948,-98.1836,808.2669501482819,15.11614712150533,0.5655965457774795,0.5928080479709835,0.7545135763324146,0.05
58,12,Atlas Global 012,porcino,Nuevo Laredo - Texas,"Nuevo Laredo, Tamaulipas","Laredo, Texas",27.4864,-99.5075,27.5306,-99.4803,813.2725400068076,14.332237394345254,0.6479445413928369,0.41983430182217546,0.6407786392568313,0.45355590699923165
59,93,Delta Global 093,porcino,Ciudad Juarez - El Paso,"Ciudad Juarez, Chihuahua","El Paso, Texas",31.6904,-106.4245,31.7619,-106.485,834.4256259297215,14.617902261976855,0.590061749584228,0.31341376741178273,0.7765827275271883,0.3870258751129068
60,79,Norte Express 079,bovino,Nuevo Laredo - Texas,"Nuevo Laredo, Tamaulipas","Laredo, Texas",27.4864,-99.5075,27.5306,-99.4803,963.1497283280611,16.76042825050684,0.5605698168306283,0.4481873023817599,0.8591811924922822,0.2947171982764212
61,69,Atlas Foods 069,bovino,Nuevo Laredo - Texas,"Nuevo Laredo, Tamaulipas","Laredo, Texas",27.4864,-99.5075,27.5306,-99.4803,868.414285600382,15.14369573041678,0.464733593916527,0.43557315946150016,0.9011449421164797,0.4553622628819163
62,82,Proteina Group 082,porcino,Reynosa - Pharr,"Reynosa, Tamaulipas","Pharr, Texas",26.0922,-98.2779,26.1948,-98.1836,911.5060980048296,17.5829854571887,0.5392417712256526,0.565097586069184,0.724626813486284,0.18318068970485235
63,99,Delta Chain 099,bovino,Tijuana - San Diego,"Tijuana, Baja California","San Diego, California",32.5149,-117.0382,32.7157,-117.1611,403.10961081643933,8.811752548122728,0.6526307453750023,0.4737178627357664,0.8929243291318476,0.41333208669019106
64,75,Ganadera Solutions 075,bovino,Nogales - Arizona,"Nogales, Sonora","Nogales, Arizona",31.3086,-110.9458,31.3404,-110.9343,440.15708578863564,10.632957893458373,0.5289131338906481,0.2969065470729994,0.7251638866795487,0.09681975121452457
65,64,Proteina Prime 064,porcino,Ciudad Juarez - El Paso,"Ciudad Juarez, Chihuahua","El Paso, Texas",31.6904,-106.4245,31.7619,-106.485,706.5454973072874,12.52074911103084,0.5186438884844066,0.45171769375059817,0.810977854326087,0.2840882355337692
66,35,Export Prime 035,porcino,Ciudad Juarez - El Paso,"Ciudad Juarez, Chihuahua","El Paso, Texas",31.6904,-106.4245,31.7619,-106.485,842.2443815199886,14.824349336641042,0.6498291061783648,0.5782528986445918,0.8871101041243279,0.39675516913974823
67,9,LogiMeat Pack 009,bovino,Nuevo Laredo - Texas,"Nuevo Laredo, Tamaulipas","Laredo, Texas",27.4864,-99.5075,27.5306,-99.4803,966.6012812673902,18.993517500580253,0.6775258969669502,0.5011187112003159,0.8981222685716767,0.105966664434298
68,96,Atlas Link 096,bovino,Nogales - Arizona,"Nogales, Sonora","Nogales, Arizona",31.3086,-110.9458,31.3404,-110.9343,501.3634957370741,12.391892145514761,0.6415562608857391,0.6538830900443418,0.7832095425415988,0.350625610022705
69,70,Frio Solutions 070,bovino,Nogales - Arizona,"Nogales, Sonora","Nogales, Arizona",31.3086,-110.9458,31.3404,-110.9343,251.58757665842154,6.353805534786794,0.5153922599365063,0.4590578892636626,0.8721678366138668,0.16368174597986426
70,6,Export Prime 006,porcino,Nogales - Arizona,"Nogales, Sonora","Nogales, Arizona",31.3086,-110.9458,31.3404,-110.9343,430.47919956620683,8.936934235753506,0.5017377413684008,0.48731809647016244,0.8878536699986784,0.32530548537250376
71,65,Frio MX 065,bovino,Tijuana - San Diego,"Tijuana, Baja California","San Diego, California",32.5149,-117.0382,32.7157,-117.1611,307.47160149691683,7.465822867479327,0.5689583826254385,0.5086896989899853,0.8152341046008492,0.10559509863583066
72,84,Atlas Link 084,porcino,Nogales - Arizona,"Nogales, Sonora","Nogales, Arizona",31.3086,-110.9458,31.3404,-110.9343,442.3253158596715,9.176885718276578,0.5510144414275322,0.3232432008046273,0.8435534243337792,0.18995614071703273
73,48,LogiMeat Link 048,porcino,Tijuana - San Diego,"Tijuana, Baja California","San Diego, California",32.5149,-117.0382,32.7157,-117.1611,518.9981685307876,10.276347031523054,0.5995508075329472,0.2633691181708696,0.8572398666963039,0.2817072083586923
74,52,Proteina Group 052,bovino,Nogales - Arizona,"Nogales, Sonora","Nogales, Arizona",31.3086,-110.9458,31.3404,-110.9343,372.7596333472909,7.271745166291912,0.4838206677883716,0.3557900874411939,0.8253263535153407,0.3573743401164128
75,36,Carnes Pack 036,porcino,Tijuana - San Diego,"Tijuana, Baja California","San Diego, California",32.5149,-117.0382,32.7157,-117.1611,317.45138990175826,6.347686364867348,0.38950109959265217,0.6656665409874694,0.7963922413711274,0.18055045847188556
76,99,Delta Chain 099,porcino,Tijuana - San Diego,"Tijuana, Baja California","San Diego, California",32.5149,-117.0382,32.7157,-117.1611,409.4150230117391,10.137326484706001,0.7205294381623215,0.1,0.781855036681962,0.36751206493169886
77,70,Frio Solutions 070,bovino,Reynosa - Pharr,"Reynosa, Tamaulipas","Pharr, Texas",26.0922,-98.2779,26.1948,-98.1836,712.2397274494241,12.617345440951352,0.8053648007938768,0.40106069924654403,0.8372116092926063,0.49129823404214057
78,91,ColdTrade Foods 091,bovino,Reynosa - Pharr,"Reynosa, Tamaulipas","Pharr, Texas",26.0922,-98.2779,26.1948,-98.1836,783.2018829286162,17.283279074859962,0.6728927025378552,0.4360052025519762,0.9743036128438682,0.3357269391255373
79,73,Delta MX 073,bovino,Nuevo Laredo - Texas,"Nuevo Laredo, Tamaulipas","Laredo, Texas",27.4864,-99.5075,27.5306,-99.4803,836.3461923043683,17.17945916764083,0.7517741223902901,0.3957251194373488,0.9110771344906873,0.2612299780518549
80,53,Norte Prime 053,porcino,Nuevo Laredo - Texas,"Nuevo Laredo, Tamaulipas","Laredo, Texas",27.4864,-99.5075,27.5306,-99.4803,901.2586699678764,17.476500650240105,0.729991540174858,0.5137448846154224,0.7967145548707084,0.08756396807535019
81,38,ColdTrade Prime 038,bovino,Tijuana - San Diego,"Tijuana, Baja California","San Diego, California",32.5149,-117.0382,32.7157,-117.1611,414.7429880527186,8.759916477631526,0.45920423502661833,0.3459740753141579,0.7734620518664354,0.4197238229201569
82,58,LogiMeat Group 058,bovino,Reynosa - Pharr,"Reynosa, Tamaulipas","Pharr, Texas",26.0922,-98.2779,26.1948,-98.1836,775.8071456694595,15.238508840204506,0.645670213150123,0.29881605755646834,0.82490755190402,0.4069139212947474
83,9,LogiMeat Pack 009,bovino,Tijuana - San Diego,"Tijuana, Baja California","San Diego, California",32.5149,-117.0382,32.7157,-117.1611,418.891263636362,8.435005653021912,0.6003003855559162,0.434486982963805,0.7424845135761782,0.31664210521637387
84,89,Atlas Express 089,bovino,Nogales - Arizona,"Nogales, Sonora","Nogales, Arizona",31.3086,-110.9458,31.3404,-110.9343,244.52255663892845,4.294585133693445,0.4811794505584441,0.493337500075306,0.7933337059449465,0.4693936854375734
85,65,Frio MX 065,bovino,Reynosa - Pharr,"Reynosa, Tamaulipas","Pharr, Texas",26.0922,-98.2779,26.1948,-98.1836,705.0266949483589,12.93058511777965,0.6119428302259797,0.388741705911791,0.7577604282433774,0.32462973475771006
86,15,LogiMeat Pack 015,bovino,Ciudad Juarez - El Paso,"Ciudad Juarez, Chihuahua","El Paso, Texas",31.6904,-106.4245,31.7619,-106.485,662.3913836472011,13.543079297442137,0.619229786535364,0.21965368951108213,0.8194389616591179,0.3667630046384003
87,8,ColdTrade Global 008,bovino,Tijuana - San Diego,"Tijuana, Baja California","San Diego, California",32.5149,-117.0382,32.7157,-117.1611,605.4268353471671,11.64533282888566,0.48313793197131083,0.2584475332544658,0.8226675532823169,0.328390349719379
88,51,Proteina Chain 051,bovino,Tijuana - San Diego,"Tijuana, Baja California","San Diego, California",32.5149,-117.0382,32.7157,-117.1611,470.00238797851125,8.79467143757483,0.7092671580906962,0.59811077175696,0.8838219980009294,0.45890093096253604
89,19,Export Pack 019,porcino,Reynosa - Pharr,"Reynosa, Tamaulipas","Pharr, Texas",26.0922,-98.2779,26.1948,-98.1836,751.3884106234384,13.32786576373538,0.6250457942245241,0.46788387916910884,0.6671520943215565,0.2514260936963915
90,93,Delta Global 093,porcino,Nuevo Laredo - Texas,"Nuevo Laredo, Tamaulipas","Laredo, Texas",27.4864,-99.5075,27.5306,-99.4803,937.2413085471193,17.35738277708331,0.7103491659375843,0.4613569931935251,0.7698168122147774,0.32072200165232856
91,43,Norte Global 043,bovino,Nogales - Arizona,"Nogales, Sonora","Nogales, Arizona",31.3086,-110.9458,31.3404,-110.9343,377.86580737182504,8.78133866515361,0.604626051839523,0.27737032362216496,0.9588436398561997,0.3094547909101255
92,96,Atlas Link 096,bovino,Nuevo Laredo - Texas,"Nuevo Laredo, Tamaulipas","Laredo, Texas",27.4864,-99.5075,27.5306,-99.4803,979.7754563611157,19.03067700378017,0.637987151598607,0.6300459387388982,0.872696583967703,0.3547230988348533
93,71,Atlas Solutions 071,porcino,Tijuana - San Diego,"Tijuana, Baja California","San Diego, California",32.5149,-117.0382,32.7157,-117.1611,454.45971627465445,4.592575676783788,0.6229776403540115,0.19148048888918734,0.6041643374488335,0.3742122321129181
94,64,Proteina Prime 064,bovino,Tijuana - San Diego,"Tijuana, Baja California","San Diego, California",32.5149,-117.0382,32.7157,-117.1611,543.3486889752719,10.238841673356761,0.616723255919314,0.7864380468604477,0.8172738774872637,0.3197696176188385
95,47,Export Pack 047,bovino,Nuevo Laredo - Texas,"Nuevo Laredo, Tamaulipas","Laredo, Texas",27.4864,-99.5075,27.5306,-99.4803,809.7890417378279,15.319234342759973,0.6469751135793259,0.44465838957148635,0.8678616269716052,0.15623100173581217
96,95,Delta Prime 095,bovino,Nogales - Arizona,"Nogales, Sonora","Nogales, Arizona",31.3086,-110.9458,31.3404,-110.9343,353.115068676673,7.2205563653611415,0.5755132779720802,0.43407271040661355,0.9154614654312461,0.34677464220873994
97,97,Atlas Group 097,bovino,Nuevo Laredo - Texas,"Nuevo Laredo, Tamaulipas","Laredo, Texas",27.4864,-99.5075,27.5306,-99.4803,999.4211293862277,18.195360848655017,0.7117032825429419,0.2374736861104689,0.7975047420427237,0.37325752512597254
98,35,Export Prime 035,porcino,Nuevo Laredo - Texas,"Nuevo Laredo, Tamaulipas","Laredo, Texas",27.4864,-99.5075,27.5306,-99.4803,933.6947806535637,18.41976180222712,0.6427642216476599,0.23935963528638765,0.8241349855457024,0.35972481859954347
99,48,LogiMeat Link 048,porcino,Tijuana - San Diego,"Tijuana, Baja California","San Diego, California",32.5149,-117.0382,32.7157,-117.1611,553.1347059606807,13.369486346164615,0.6117448146723709,0.6472211807258857,0.8322333365651836,0.30683189820437795
100,18,Delta Foods 018,porcino,Tijuana - San Diego,"Tijuana, Baja California","San Diego, California",32.5149,-117.0382,32.7157,-117.1611,494.1377818688564,9.942549488939674,0.6370519339960368,0.3406069595439508,0.7878458512746926,0.270263232099697
101,65,Frio MX 065,bovino,Nuevo Laredo - Texas,"Nuevo Laredo, Tamaulipas","Laredo, Texas",27.4864,-99.5075,27.5306,-99.4803,960.3071317981971,17.569725611995125,0.558866822177967,0.5634372245444709,0.8804125986121003,0.36546111241500734
102,4,Delta Link 004,bovino,Nogales - Arizona,"Nogales, Sonora","Nogales, Arizona",31.3086,-110.9458,31.3404,-110.9343,201.04141911333346,4.0,0.4953534545008387,0.29684322589825174,0.829955315374585,0.326260798238904
103,98,Norte Foods 098,bovino,Nogales - Arizona,"Nogales, Sonora","Nogales, Arizona",31.3086,-110.9458,31.3404,-110.9343,378.44430835798573,8.557678862768434,0.4872005572961985,0.5424202002003358,0.8803925216715622,0.06704559898670687
104,37,Frio Foods 037,porcino,Reynosa - Pharr,"Reynosa, Tamaulipas","Pharr, Texas",26.0922,-98.2779,26.1948,-98.1836,779.583032499809,16.30027872446467,0.594967503034279,0.6281451589081681,0.7821635956078677,0.3443330057902841
105,96,Atlas Link 096,bovino,Nogales - Arizona,"Nogales, Sonora","Nogales, Arizona",31.3086,-110.9458,31.3404,-110.9343,349.8746613700986,8.814298959809317,0.5809661231823072,0.36633429810158646,0.8283249417605412,0.41668143670910013
106,17,Carnes Solutions 017,bovino,Nuevo Laredo - Texas,"Nuevo Laredo, Tamaulipas","Laredo, Texas",27.4864,-99.5075,27.5306,-99.4803,962.8709710834355,18.233727292954033,0.621610368078728,0.3356514812958522,0.918433647693044,0.2168952777709316
107,3,ColdTrade Pack 003,bovino,Ciudad Juarez - El Paso,"Ciudad Juarez, Chihuahua","El Paso, Texas",31.6904,-106.4245,31.7619,-106.485,628.2420024009447,12.06646950231475,0.4860415910031669,0.4664471631861013,0.8862507349171922,0.61341561740707
108,15,LogiMeat Pack 015,bovino,Tijuana - San Diego,"Tijuana, Baja California","San Diego, California",32.5149,-117.0382,32.7157,-117.1611,457.0054726214367,9.533256987774264,0.7108645163311712,0.516709022729285,0.8689905448392368,0.30155778747655787
109,11,Atlas Pack 011,porcino,Tijuana - San Diego,"Tijuana, Baja California","San Diego, California",32.5149,-117.0382,32.7157,-117.1611,362.00695918082795,7.663171895899499,0.7100613361233881,0.28920561715646714,0.8479340743307549,0.3746028464417024
110,92,Export Group 092,porcino,Nogales - Arizona,"Nogales, Sonora","Nogales, Arizona",31.3086,-110.9458,31.3404,-110.9343,249.6844733238866,5.5068242628628035,0.5404107441498222,0.21108086104177087,0.7681868580777654,0.21045464159374072
111,25,Atlas Chain 025,bovino,Reynosa - Pharr,"Reynosa, Tamaulipas","Pharr, Texas",26.0922,-98.2779,26.1948,-98.1836,727.207342343619,15.903947830253193,0.6789335006553537,0.4865628720602472,1.0,0.3018502823904349
112,67,Frio MX 067,bovino,Nuevo Laredo - Texas,"Nuevo Laredo, Tamaulipas","Laredo, Texas",27.4864,-99.5075,27.5306,-99.4803,863.2500153455998,14.566078396495973,0.6450969918922859,0.2184562196216878,0.8666237435367331,0.39838938599374724
113,65,Frio MX 065,bovino,Reynosa - Pharr,"Reynosa, Tamaulipas","Pharr, Texas",26.0922,-98.2779,26.1948,-98.1836,796.2327548723758,14.375279528442187,0.6845100989790568,0.6339439433473425,0.9076959351749376,0.5095022603577959
114,29,Proteina Foods 029,bovino,Nogales - Arizona,"Nogales, Sonora","Nogales, Arizona",31.3086,-110.9458,31.3404,-110.9343,451.7089384764062,10.086414076391346,0.4212396092907661,0.5397520570612324,0.9345175998088286,0.38235926880158033
115,89,Atlas Express 089,bovino,Nuevo Laredo - Texas,"Nuevo Laredo, Tamaulipas","Laredo, Texas",27.4864,-99.5075,27.5306,-99.4803,828.486049038745,17.478876812956464,0.6455493054681437,0.5760330244041296,0.7786511617324068,0.49848779476230354
116,77,Norte Solutions 077,bovino,Nogales - Arizona,"Nogales, Sonora","Nogales, Arizona",31.3086,-110.9458,31.3404,-110.9343,359.18281675165167,7.795492516615317,0.5516831024622632,0.6200520718135052,0.8455737681757794,0.27664754899958655
117,63,Export Global 063,bovino,Nuevo Laredo - Texas,"Nuevo Laredo, Tamaulipas","Laredo, Texas",27.4864,-99.5075,27.5306,-99.4803,900.2797695167073,16.047307651897494,0.6456860383596614,0.4146255956737721,0.8870190366826287,0.2978989104181734
118,52,Proteina Group 052,bovino,Tijuana - San Diego,"Tijuana, Baja California","San Diego, California",32.5149,-117.0382,32.7157,-117.1611,398.0493500840396,5.636233584141982,0.5182732591441022,0.3158688972030784,0.8540932398615272,0.2884311890652377
119,56,Ganadera Global 056,bovino,Nogales - Arizona,"Nogales, Sonora","Nogales, Arizona",31.3086,-110.9458,31.3404,-110.9343,465.9599824386427,9.614008824931732,0.5203416626459313,0.4555841754632365,0.8501037334762269,0.3093444262744999
120,92,Export Group 092,porcino,Reynosa - Pharr,"Reynosa, Tamaulipas","Pharr, Texas",26.0922,-98.2779,26.1948,-98.1836,599.8608830005189,11.136306936877379,0.6825778478224728,0.45217918229063536,0.6408233563949269,0.40281253097168146
121,17,Carnes Solutions 017,bovino,Nogales - Arizona,"Nogales, Sonora","Nogales, Arizona",31.3086,-110.9458,31.3404,-110.9343,442.7175862837458,9.37233701313141,0.4694665275895405,0.5943986358730262,0.9211426215945058,0.3527174316118555
122,25,Atlas Chain 025,bovino,Reynosa - Pharr,"Reynosa, Tamaulipas","Pharr, Texas",26.0922,-98.2779,26.1948,-98.1836,780.1205862079038,16.865194578465477,0.5331636616263067,0.1,0.8666367873547206,0.14987789958085165
123,64,Proteina Prime 064,porcino,Tijuana - San Diego,"Tijuana, Baja California","San Diego, California",32.5149,-117.0382,32.7157,-117.1611,331.33577709202564,6.093591629850835,0.5429425524083815,0.8186136138113838,0.6895604611336172,0.5362090337296576
124,46,Carnes Foods 046,bovino,Reynosa - Pharr,"Reynosa, Tamaulipas","Pharr, Texas",26.0922,-98.2779,26.1948,-98.1836,608.268262809726,11.835439599215919,0.495981473586087,0.30032220251339614,0.7910477601687024,0.3098179362005588
125,81,Carnes Chain 081,bovino,Reynosa - Pharr,"Reynosa, Tamaulipas","Pharr, Texas",26.0922,-98.2779,26.1948,-98.1836,817.5724762867814,13.87944149795415,0.6969572123146576,0.5782028595203342,0.8819725758670363,0.22397459640777798
126,33,LogiMeat Global 033,bovino,Nuevo Laredo - Texas,"Nuevo Laredo, Tamaulipas","Laredo, Texas",27.4864,-99.5075,27.5306,-99.4803,871.542206587693,17.001562633436226,0.8078601001540948,0.5419448070711899,0.7774167500553231,0.3030814523066698
127,37,Frio Foods 037,bovino,Ciudad Juarez - El Paso,"Ciudad Juarez, Chihuahua","El Paso, Texas",31.6904,-106.4245,31.7619,-106.485,807.510963092325,17.93653434268128,0.5266120199958564,0.744072690117454,0.8446007530160148,0.17264001430130033
128,53,Norte Prime 053,porcino,Nuevo Laredo - Texas,"Nuevo Laredo, Tamaulipas","Laredo, Texas",27.4864,-99.5075,27.5306,-99.4803,780.9712980037489,14.33297000946622,0.6114492741634967,0.5130340064211879,0.7165031369497418,0.30771239520666843
129,64,Proteina Prime 064,bovino,Nuevo Laredo - Texas,"Nuevo Laredo, Tamaulipas","Laredo, Texas",27.4864,-99.5075,27.5306,-99.4803,1105.3469589548456,20.944470581417868,0.6532638990532557,0.5830138581607108,0.8072294222804635,0.2613107038257292
130,99,Delta Chain 099,porcino,Nogales - Arizona,"Nogales, Sonora","Nogales, Arizona",31.3086,-110.9458,31.3404,-110.9343,225.97916508369204,4.0,0.6392460111443468,0.11253243330725893,0.6208974999048479,0.17655692308422768
131,78,ColdTrade Link 078,bovino,Tijuana - San Diego,"Tijuana, Baja California","San Diego, California",32.5149,-117.0382,32.7157,-117.1611,490.43029431436435,8.784528635662058,0.5281017436989676,0.5285926431289006,0.8846589546140525,0.4074457080889215
132,58,LogiMeat Group 058,bovino,Nogales - Arizona,"Nogales, Sonora","Nogales, Arizona",31.3086,-110.9458,31.3404,-110.9343,300.54026409829254,5.222129729397578,0.5494308881910384,0.2723807502152592,0.8939712655144899,0.3303806650305754
133,53,Norte Prime 053,porcino,Tijuana - San Diego,"Tijuana, Baja California","San Diego, California",32.5149,-117.0382,32.7157,-117.1611,471.3483332524637,10.430343329969437,0.489883771051911,0.6827820180183732,0.7815951204795659,0.4732376998637652
134,43,Norte Global 043,bovino,Reynosa - Pharr,"Reynosa, Tamaulipas","Pharr, Texas",26.0922,-98.2779,26.1948,-98.1836,874.0385531208985,16.658012840088805,0.6245591940805286,0.3881775932314549,0.8281414097266571,0.10307637682700807
135,23,Frio Group 023,bovino,Tijuana - San Diego,"Tijuana, Baja California","San Diego, California",32.5149,-117.0382,32.7157,-117.1611,556.5113391425323,10.059038802578652,0.5234363742876889,0.4952956113778907,0.9180379541505663,0.23295301735904295
136,20,Ganadera Group 020,bovino,Ciudad Juarez - El Paso,"Ciudad Juarez, Chihuahua","El Paso, Texas",31.6904,-106.4245,31.7619,-106.485,896.568323773791,16.331172325510185,0.6816200208769809,0.5999004498711734,0.8576877042893952,0.3316896095549338
137,26,Delta Prime 026,bovino,Tijuana - San Diego,"Tijuana, Baja California","San Diego, California",32.5149,-117.0382,32.7157,-117.1611,409.60510086309586,7.475282662133164,0.6334199225415009,0.5493122301872629,0.857026469746905,0.3980298806694037
138,35,Export Prime 035,bovino,Ciudad Juarez - El Paso,"Ciudad Juarez, Chihuahua","El Paso, Texas",31.6904,-106.4245,31.7619,-106.485,706.2549779135778,14.161777977991635,0.5560225495793022,0.3564598966112681,0.9469606880741782,0.32280263793374664
139,82,Proteina Group 082,porcino,Tijuana - San Diego,"Tijuana, Baja California","San Diego, California",32.5149,-117.0382,32.7157,-117.1611,400.377378470602,9.954762392906428,0.6516254789697796,0.12440768853068829,0.8018218890205778,0.07830768861616524
140,45,Atlas Group 045,bovino,Nogales - Arizona,"Nogales, Sonora","Nogales, Arizona",31.3086,-110.9458,31.3404,-110.9343,230.62435070133063,5.446078084538156,0.5352735890628532,0.7505264115602013,0.8750267780156457,0.41890395437550354
141,28,Export Link 028,bovino,Nogales - Arizona,"Nogales, Sonora","Nogales, Arizona",31.3086,-110.9458,31.3404,-110.9343,373.1876378829044,9.033397659697176,0.41582818309899205,0.21365710092440776,0.732248126647999,0.24062997292318208
142,16,Export Chain 016,bovino,Ciudad Juarez - El Paso,"Ciudad Juarez, Chihuahua","El Paso, Texas",31.6904,-106.4245,31.7619,-106.485,552.4038060510372,11.822755122468273,0.38673623410139124,0.5630782604900524,0.863208897609314,0.2898676894355705
143,73,Delta MX 073,bovino,Tijuana - San Diego,"Tijuana, Baja California","San Diego, California",32.5149,-117.0382,32.7157,-117.1611,180.0,4.151667840010494,0.5192397443070884,0.2729998832299112,0.9339741160461618,0.4165484361901804
144,99,Delta Chain 099,bovino,Nogales - Arizona,"Nogales, Sonora","Nogales, Arizona",31.3086,-110.9458,31.3404,-110.9343,515.2603255757018,10.119974190044465,0.627137220696437,0.5064066554433917,0.8939276251501456,0.1417933425047077
145,35,Export Prime 035,porcino,Nogales - Arizona,"Nogales, Sonora","Nogales, Arizona",31.3086,-110.9458,31.3404,-110.9343,209.34040891941353,5.406718432769922,0.37699921922391477,0.5951199409387516,0.7786651323090474,0.355152058819675
146,34,Proteina Express 034,bovino,Reynosa - Pharr,"Reynosa, Tamaulipas","Pharr, Texas",26.0922,-98.2779,26.1948,-98.1836,610.9810110630683,10.63695954519332,0.6770774423914079,0.581481540612228,0.9045217341787695,0.3524114521036744
147,5,ColdTrade Solutions 005,bovino,Ciudad Juarez - El Paso,"Ciudad Juarez, Chihuahua","El Paso, Texas",31.6904,-106.4245,31.7619,-106.485,983.9670974496494,18.1870040305108,0.6495091926450005,0.3303175854572258,0.8994732806259907,0.37133556778965593
148,11,Atlas Pack 011,porcino,Nuevo Laredo - Texas,"Nuevo Laredo, Tamaulipas","Laredo, Texas",27.4864,-99.5075,27.5306,-99.4803,1107.885997988107,21.026379235437307,0.6601769363594799,0.34015719278968864,0.7180561788267091,0.42991163627355183
149,51,Proteina Chain 051,bovino,Nogales - Arizona,"Nogales, Sonora","Nogales, Arizona",31.3086,-110.9458,31.3404,-110.9343,381.7364483525455,10.568504152681372,0.47436052476145824,0.5199266493295966,0.7824870639060986,0.27485454754598426
150,93,Delta Global 093,porcino,Ciudad Juarez - El Paso,"Ciudad Juarez, Chihuahua","El Paso, Texas",31.6904,-106.4245,31.7619,-106.485,705.9974120517555,14.863574046703068,0.5758282127371694,0.19001863451865253,0.7647622393171332,0.4234400060494561
151,40,Export Pack 040,porcino,Reynosa - Pharr,"Reynosa, Tamaulipas","Pharr, Texas",26.0922,-98.2779,26.1948,-98.1836,899.5767960164493,18.629270207127732,0.7146208963959447,0.5939385788625111,0.7123807253879482,0.1382294269047753
152,81,Carnes Chain 081,porcino,Tijuana - San Diego,"Tijuana, Baja California","San Diego, California",32.5149,-117.0382,32.7157,-117.1611,417.81323546062663,9.177571309202321,0.6062108275162641,0.5334112910734726,0.683683725172046,0.3412713640338627
153,33,LogiMeat Global 033,bovino,Ciudad Juarez - El Paso,"Ciudad Juarez, Chihuahua","El Paso, Texas",31.6904,-106.4245,31.7619,-106.485,481.96505415955306,9.397072191806757,0.6184764752409081,0.4253023458684073,0.9335620345946408,0.10974817127276348
154,78,ColdTrade Link 078,porcino,Nogales - Arizona,"Nogales, Sonora","Nogales, Arizona",31.3086,-110.9458,31.3404,-110.9343,267.5758870433206,5.2398917320322935,0.5615991240109562,0.6716090451255052,0.8001840563213923,0.254893061586581
155,38,ColdTrade Prime 038,bovino,Ciudad Juarez - El Paso,"Ciudad Juarez, Chihuahua","El Paso, Texas",31.6904,-106.4245,31.7619,-106.485,794.2387201675849,14.956521241926813,0.7164277667577391,0.5363319764999842,0.9717390536836927,0.15082166852626278
156,34,Proteina Express 034,bovino,Reynosa - Pharr,"Reynosa, Tamaulipas","Pharr, Texas",26.0922,-98.2779,26.1948,-98.1836,735.7509946531064,13.430515153208438,0.6986573327262736,0.5542005917442613,0.8477558290970939,0.35070882201250675
157,70,Frio Solutions 070,bovino,Tijuana - San Diego,"Tijuana, Baja California","San Diego, California",32.5149,-117.0382,32.7157,-117.1611,382.30361304674653,10.990092998086663,0.7031116705648873,0.21481043753542522,0.8907919886646308,0.4713124788275581
158,66,ColdTrade MX 066,porcino,Nogales - Arizona,"Nogales, Sonora","Nogales, Arizona",31.3086,-110.9458,31.3404,-110.9343,439.5941254650786,10.34168976861252,0.5011532055664353,0.4542033280538815,0.9137564166333585,0.2939328610137588
159,7,Delta Chain 007,porcino,Nogales - Arizona,"Nogales, Sonora","Nogales, Arizona",31.3086,-110.9458,31.3404,-110.9343,366.31827960752776,6.630955696947863,0.5789193575603008,0.573664059357747,0.8640711765020338,0.43053808956737505
160,39,Ganadera MX 039,porcino,Nogales - Arizona,"Nogales, Sonora","Nogales, Arizona",31.3086,-110.9458,31.3404,-110.9343,271.8625912423298,4.061183832907022,0.4804011065923262,0.48554229173189245,0.7242606499721652,0.30998614601280877
161,44,Norte Group 044,bovino,Nuevo Laredo - Texas,"Nuevo Laredo, Tamaulipas","Laredo, Texas",27.4864,-99.5075,27.5306,-99.4803,1000.875658626285,17.892463072784913,0.7994834934123308,0.5040887516485262,0.7851609518183499,0.15311774840296927
162,62,Export Global 062,porcino,Tijuana - San Diego,"Tijuana, Baja California","San Diego, California",32.5149,-117.0382,32.7157,-117.1611,629.3201812693517,14.321720083686081,0.5507009489632421,0.40401515680694133,0.7974024237890122,0.2488135778155569
163,79,Norte Express 079,porcino,Ciudad Juarez - El Paso,"Ciudad Juarez, Chihuahua","El Paso, Texas",31.6904,-106.4245,31.7619,-106.485,872.0463125638138,16.38680839178905,0.7706786554802254,0.7949383639555979,0.7562853512997917,0.33088910765026075
164,46,Carnes Foods 046,porcino,Reynosa - Pharr,"Reynosa, Tamaulipas","Pharr, Texas",26.0922,-98.2779,26.1948,-98.1836,714.7850053634048,12.713992413453688,0.6436230851800416,0.5189558932522481,0.8377776343949669,0.43862638909583784
165,2,Frio Solutions 002,bovino,Tijuana - San Diego,"Tijuana, Baja California","San Diego, California",32.5149,-117.0382,32.7157,-117.1611,291.55772380323833,4.22894856013119,0.5787925791767672,0.46642280391706314,0.7783844980226404,0.45500527060496304
166,90,Ganadera MX 090,bovino,Tijuana - San Diego,"Tijuana, Baja California","San Diego, California",32.5149,-117.0382,32.7157,-117.1611,405.34809030306536,11.21355855293213,0.7335267412490107,0.23142931306206657,0.848554372379927,0.27311868768809655
167,55,Atlas Prime 055,bovino,Nuevo Laredo - Texas,"Nuevo Laredo, Tamaulipas","Laredo, Texas",27.4864,-99.5075,27.5306,-99.4803,910.312599332149,17.62397141632598,0.7490252721017381,0.5666414295417804,0.8937987844109855,0.22286164173286804
168,44,Norte Group 044,bovino,Reynosa - Pharr,"Reynosa, Tamaulipas","Pharr, Texas",26.0922,-98.2779,26.1948,-98.1836,796.0866866957695,14.424451514587664,0.543546880582443,0.446597208701153,0.8797020783698922,0.24529518168013364
169,87,Delta Foods 087,porcino,Nogales - Arizona,"Nogales, Sonora","Nogales, Arizona",31.3086,-110.9458,31.3404,-110.9343,379.0517717683923,6.540264232919037,0.4690334575977094,0.5567965534486577,0.7137606818777004,0.1782225118485416
170,24,Proteina Link 024,bovino,Nuevo Laredo - Texas,"Nuevo Laredo, Tamaulipas","Laredo, Texas",27.4864,-99.5075,27.5306,-99.4803,929.7260951054933,17.254506317131824,0.6661179769323183,0.5248079161604585,0.9395088037324903,0.06713691832043744
171,60,Atlas Express 060,bovino,Nuevo Laredo - Texas,"Nuevo Laredo, Tamaulipas","Laredo, Texas",27.4864,-99.5075,27.5306,-99.4803,949.3315541677977,19.032072232994818,0.6889262161977532,0.15037999606652108,0.8640747901501601,0.1181208221850768
172,24,Proteina Link 024,bovino,Nogales - Arizona,"Nogales, Sonora","Nogales, Arizona",31.3086,-110.9458,31.3404,-110.9343,321.63430491032983,4.530529093751047,0.4989287016445379,0.25979791247340045,0.9387215157331948,0.05
173,9,LogiMeat Pack 009,bovino,Ciudad Juarez - El Paso,"Ciudad Juarez, Chihuahua","El Paso, Texas",31.6904,-106.4245,31.7619,-106.485,837.0991135126765,17.490819123897158,0.6655553422443032,0.42444173649658334,0.8345322374130861,0.06383675990277732
174,98,Norte Foods 098,bovino,Reynosa - Pharr,"Reynosa, Tamaulipas","Pharr, Texas",26.0922,-98.2779,26.1948,-98.1836,868.3331774377305,14.956985154561519,0.7074300634480769,0.7513133079277708,0.8785634942094167,0.20486866962297584
175,41,Norte Group 041,porcino,Ciudad Juarez - El Paso,"Ciudad Juarez, Chihuahua","El Paso, Texas",31.6904,-106.4245,31.7619,-106.485,876.4731782052802,16.27243675087959,0.6005537659599844,0.5759883907699197,0.724184118763797,0.3484346466463095
176,28,Export Link 028,porcino,Tijuana - San Diego,"Tijuana, Baja California","San Diego, California",32.5149,-117.0382,32.7157,-117.1611,347.70839172434654,8.211521518421627,0.5148091732532618,0.5093263659543762,0.6731557135461919,0.13195300997174741
177,77,Norte Solutions 077,bovino,Tijuana - San Diego,"Tijuana, Baja California","San Diego, California",32.5149,-117.0382,32.7157,-117.1611,296.16777702586035,5.789458542649166,0.6528209179891219,0.3407084272110709,0.8380718243531465,0.4125839911714303
178,57,Atlas Global 057,bovino,Ciudad Juarez - El Paso,"Ciudad Juarez, Chihuahua","El Paso, Texas",31.6904,-106.4245,31.7619,-106.485,752.5931880835202,13.414196982437412,0.5528668152425689,0.2779751876748839,0.8364776122477561,0.20717345492891398
179,60,Atlas Express 060,porcino,Ciudad Juarez - El Paso,"Ciudad Juarez, Chihuahua","El Paso, Texas",31.6904,-106.4245,31.7619,-106.485,597.1611529281582,11.828549271618055,0.6088355108706771,0.4170096307100497,0.8237829404270225,0.36098104226441635
180,83,ColdTrade Solutions 083,porcino,Tijuana - San Diego,"Tijuana, Baja California","San Diego, California",32.5149,-117.0382,32.7157,-117.1611,422.64812180264755,10.12445177847343,0.6870659804758878,0.11787189434354961,0.7042566420685701,0.3614871895761896
181,58,LogiMeat Group 058,bovino,Ciudad Juarez - El Paso,"Ciudad Juarez, Chihuahua","El Paso, Texas",31.6904,-106.4245,31.7619,-106.485,676.7237827191979,13.012475367133126,0.6948489221102747,0.20686297225377728,0.8930121497615864,0.05
182,15,LogiMeat Pack 015,bovino,Nogales - Arizona,"Nogales, Sonora","Nogales, Arizona",31.3086,-110.9458,31.3404,-110.9343,225.2201972056826,4.0,0.5540173898195229,0.42392434498580756,0.8326683292997942,0.23245073670372243
183,55,Atlas Prime 055,bovino,Nogales - Arizona,"Nogales, Sonora","Nogales, Arizona",31.3086,-110.9458,31.3404,-110.9343,371.47407118355994,9.955824031645244,0.621942083846763,0.2898609346432671,0.8792509787794764,0.3134078160556499
184,90,Ganadera MX 090,bovino,Reynosa - Pharr,"Reynosa, Tamaulipas","Pharr, Texas",26.0922,-98.2779,26.1948,-98.1836,751.8880102509717,16.22914380826488,0.6204083775908809,0.5262118657798598,0.7746941810393256,0.3434315637775727
185,37,Frio Foods 037,porcino,Reynosa - Pharr,"Reynosa, Tamaulipas","Pharr, Texas",26.0922,-98.2779,26.1948,-98.1836,757.2863287513965,14.501308633183541,0.6878916436493294,0.4617898059172556,0.7972931437854195,0.2386314165807801
186,32,Norte Global 032,bovino,Nuevo Laredo - Texas,"Nuevo Laredo, Tamaulipas","Laredo, Texas",27.4864,-99.5075,27.5306,-99.4803,929.1611271770981,16.531772318883323,0.7385669296638218,0.5366103866278875,0.7533808016404355,0.32558689679934333
187,75,Ganadera Solutions 075,bovino,Nuevo Laredo - Texas,"Nuevo Laredo, Tamaulipas","Laredo, Texas",27.4864,-99.5075,27.5306,-99.4803,689.013189559019,15.447125738308399,0.5602111829642631,0.506259322783851,0.9279231373048507,0.4493412026894218
188,2,Frio Solutions 002,bovino,Nogales - Arizona,"Nogales, Sonora","Nogales, Arizona",31.3086,-110.9458,31.3404,-110.9343,348.4665899596283,7.876033818889336,0.6076437164545578,0.6126772741394949,0.8687562976486864,0.10817356216365812
189,35,Export Prime 035,porcino,Nogales - Arizona,"Nogales, Sonora","Nogales, Arizona",31.3086,-110.9458,31.3404,-110.9343,217.59962890535988,5.905681008637509,0.38571047480743076,0.1,0.7677730883325271,0.3978072813486455
190,74,Frio Global 074,bovino,Reynosa - Pharr,"Reynosa, Tamaulipas","Pharr, Texas",26.0922,-98.2779,26.1948,-98.1836,885.2584332564495,16.53082471573797,0.7545594491879197,0.3458792158281502,0.8528498697603247,0.25920767648345566
191,68,Proteina Express 068,porcino,Tijuana - San Diego,"Tijuana, Baja California","San Diego, California",32.5149,-117.0382,32.7157,-117.1611,398.7198222031938,6.337149475397433,0.647661681925191,0.5082711301277312,0.7568622011086104,0.10882211507654413
192,45,Atlas Group 045,bovino,Ciudad Juarez - El Paso,"Ciudad Juarez, Chihuahua","El Paso, Texas",31.6904,-106.4245,31.7619,-106.485,640.9878001648125,12.41805307759222,0.547340915357809,0.7197431551384594,1.0,0.4629667568349697
193,35,Export Prime 035,porcino,Reynosa - Pharr,"Reynosa, Tamaulipas","Pharr, Texas",26.0922,-98.2779,26.1948,-98.1836,717.1187607613654,13.748000041340172,0.6805018606079649,0.21029214370849297,0.7969173520436494,0.3362148142241699
194,81,Carnes Chain 081,porcino,Nuevo Laredo - Texas,"Nuevo Laredo, Tamaulipas","Laredo, Texas",27.4864,-99.5075,27.5306,-99.4803,988.9678676566316,19.025052681401533,0.5349397537496345,0.3410977353448535,0.6830969465649128,0.2863279463794323
195,63,Export Global 063,bovino,Tijuana - San Diego,"Tijuana, Baja California","San Diego, California",32.5149,-117.0382,32.7157,-117.1611,530.5578731052136,9.816195128143068,0.6023152804766687,0.5460320488993138,0.8277313192185716,0.25540205565661045
196,33,LogiMeat Global 033,bovino,Nuevo Laredo - Texas,"Nuevo Laredo, Tamaulipas","Laredo, Texas",27.4864,-99.5075,27.5306,-99.4803,851.8669795603298,14.143074991554236,0.5575846026389752,0.2427076452954551,0.9123833960055646,0.2561747007268691
197,18,Delta Foods 018,bovino,Reynosa - Pharr,"Reynosa, Tamaulipas","Pharr, Texas",26.0922,-98.2779,26.1948,-98.1836,623.605686437658,12.516545312282362,0.652727752600649,0.28080704647414967,1.0,0.26079183915407855
198,52,Proteina Group 052,bovino,Nuevo Laredo - Texas,"Nuevo Laredo, Tamaulipas","Laredo, Texas",27.4864,-99.5075,27.5306,-99.4803,1071.261671604675,19.38055903289109,0.6552441849975703,0.48897117852082644,0.8742095670072816,0.4429906031750479
199,51,Proteina Chain 051,porcino,Ciudad Juarez - El Paso,"Ciudad Juarez, Chihuahua","El Paso, Texas",31.6904,-106.4245,31.7619,-106.485,797.6891647455476,15.106142528482565,0.5574687678874437,0.2980974222917757,0.6434558157766949,0.33519160523332325
200,39,Ganadera MX 039,porcino,Nuevo Laredo - Texas,"Nuevo Laredo, Tamaulipas","Laredo, Texas",27.4864,-99.5075,27.5306,-99.4803,994.2583757466383,16.825393776681217,0.771461928547818,0.35059478874671046,0.6996970553205694,0.5507535432879893
